{"stats":{"minecraft:picked_up":{"minecraft:oak_sapling":1},"minecraft:used":{"minecraft:oak_sapling":1},"minecraft:custom":{"minecraft:jump":48,"minecraft:time_since_rest":1285,"minecraft:crouch_one_cm":65,"minecraft:play_one_minute":1285,"minecraft:leave_game":1,"minecraft:sprint_one_cm":5561,"minecraft:damage_taken":10,"minecraft:time_since_death":1285,"minecraft:walk_one_cm":3555,"minecraft:sneak_time":29,"minecraft:climb_one_cm":632,"minecraft:fall_one_cm":811,"minecraft:fly_one_cm":3953},"minecraft:mined":{"minecraft:oak_leaves":8}},"DataVersion":2586}